,Team,Sh,SoT,Dist,FK,PK,PKatt,GF,GA,xG,xGA,Poss,KP,1/3,PPA,CrsPA,Prog,Att 3rd,Att Pen,SCA,TB,Season,Points,Points per match,PrgP,PrgC
0,Manchester City,15.526315789473685,5.552631578947368,17.257894736842104,0.5526315789473685,0.13157894736842105,0.23684210526315788,2.1842105263157894,0.8421052631578947,1.797368421052632,0.7921052631578946,63.5,11.394736842105264,46.63157894736842,10.842105263157896,1.0789473684210527,0.0,223.78947368421052,31.473684210526315,28.07894736842105,1.0,2020,86,2.263157894736842,53.973684210526315,28.842105263157894
1,Manchester United,13.552631578947368,5.157894736842105,18.11842105263158,0.5526315789473685,0.2631578947368421,0.2894736842105263,1.9210526315789473,1.1578947368421053,1.5763157894736843,1.1026315789473684,55.71052631578947,10.894736842105264,37.3421052631579,9.921052631578947,1.4210526315789473,0.0,192.71052631578948,24.236842105263158,25.07894736842105,0.8947368421052632,2020,74,1.9473684210526316,48.21052631578947,23.07894736842105
2,Liverpool,15.842105263157896,5.368421052631579,17.342105263157897,0.5789473684210527,0.15789473684210525,0.15789473684210525,1.7894736842105263,1.105263157894737,1.7815789473684207,1.1368421052631579,62.05263157894737,11.973684210526315,42.31578947368421,13.789473684210526,2.1578947368421053,0.0,216.89473684210526,31.86842105263158,28.105263157894736,1.1578947368421053,2020,69,1.8157894736842106,54.13157894736842,23.31578947368421
3,Chelsea,14.368421052631579,5.078947368421052,17.37105263157894,0.42105263157894735,0.21052631578947367,0.2631578947368421,1.5263157894736843,0.9473684210526315,1.6421052631578947,0.7973684210526316,60.89473684210526,11.789473684210526,37.921052631578945,9.921052631578947,1.8421052631578947,0.0,192.31578947368422,26.763157894736842,26.789473684210527,0.7631578947368421,2020,67,1.763157894736842,47.31578947368421,23.55263157894737
4,Leicester City,12.447368421052632,4.473684210526316,19.039473684210527,0.5263157894736842,0.2631578947368421,0.3157894736842105,1.7894736842105263,1.3157894736842106,1.4763157894736842,1.2026315789473687,54.28947368421053,9.473684210526315,31.81578947368421,7.447368421052632,1.5,0.0,149.31578947368422,20.31578947368421,22.710526315789473,0.9210526315789473,2020,66,1.736842105263158,38.526315789473685,17.526315789473685
5,West Ham United,12.210526315789474,4.157894736842105,15.810526315789476,0.4473684210526316,0.05263157894736842,0.10526315789473684,1.631578947368421,1.236842105263158,1.4552631578947366,1.2868421052631578,43.21052631578947,8.947368421052632,27.289473684210527,6.2631578947368425,2.5,0.0,133.1578947368421,20.026315789473685,21.657894736842106,0.39473684210526316,2020,65,1.7105263157894737,33.73684210526316,17.31578947368421
6,Tottenham Hotspur,11.526315789473685,4.394736842105263,18.636842105263156,0.9210526315789473,0.13157894736842105,0.13157894736842105,1.7894736842105263,1.1842105263157894,1.4026315789473685,1.2921052631578944,51.55263157894737,8.31578947368421,27.236842105263158,6.7631578947368425,1.4210526315789473,0.0,131.5,18.42105263157895,20.68421052631579,0.7368421052631579,2020,62,1.631578947368421,35.0,16.657894736842106
7,Arsenal,11.921052631578947,3.6842105263157894,17.86578947368421,0.6052631578947368,0.15789473684210525,0.15789473684210525,1.4473684210526316,1.0263157894736843,1.363157894736842,1.131578947368421,53.5,8.736842105263158,36.23684210526316,8.552631578947368,1.763157894736842,0.0,164.21052631578948,23.94736842105263,21.394736842105264,0.8947368421052632,2020,61,1.605263157894737,46.31578947368421,19.94736842105263
8,Leeds United,13.631578947368421,5.078947368421052,17.044736842105262,0.23684210526315788,0.10526315789473684,0.10526315789473684,1.631578947368421,1.4210526315789473,1.4631578947368422,1.5315789473684212,57.28947368421053,10.368421052631579,29.210526315789473,9.18421052631579,1.7894736842105263,0.0,149.8684210526316,23.157894736842106,24.31578947368421,0.7105263157894737,2020,59,1.5526315789473684,42.973684210526315,21.342105263157894
9,Everton,10.394736842105264,3.763157894736842,17.250000000000004,0.39473684210526316,0.10526315789473684,0.13157894736842105,1.236842105263158,1.263157894736842,1.2000000000000002,1.3157894736842106,46.44736842105263,7.894736842105263,24.842105263157894,6.7631578947368425,1.5789473684210527,0.0,120.65789473684211,16.92105263157895,18.68421052631579,0.7368421052631579,2020,59,1.5526315789473684,31.157894736842106,15.894736842105264
10,Aston Villa,13.526315789473685,4.684210526315789,17.578947368421055,0.42105263157894735,0.13157894736842105,0.15789473684210525,1.4473684210526316,1.2105263157894737,1.3868421052631579,1.3499999999999999,48.473684210526315,10.605263157894736,28.57894736842105,8.5,2.0,0.0,151.55263157894737,24.92105263157895,24.736842105263158,0.3157894736842105,2020,55,1.4473684210526316,37.36842105263158,16.55263157894737
11,Newcastle United,10.263157894736842,3.4210526315789473,18.468421052631577,0.6578947368421053,0.15789473684210525,0.18421052631578946,1.2105263157894737,1.631578947368421,1.1473684210526316,1.536842105263158,38.78947368421053,7.605263157894737,19.44736842105263,5.447368421052632,2.1842105263157894,0.0,103.71052631578948,14.526315789473685,18.105263157894736,0.3157894736842105,2020,45,1.1842105263157894,23.763157894736842,12.289473684210526
12,Wolverhampton Wanderers,12.078947368421053,3.9210526315789473,18.431578947368422,0.47368421052631576,0.10526315789473684,0.10526315789473684,0.9473684210526315,1.368421052631579,0.9605263157894735,1.3105263157894738,49.3421052631579,9.078947368421053,29.394736842105264,5.605263157894737,2.236842105263158,0.0,137.0,18.263157894736842,21.605263157894736,0.5263157894736842,2020,45,1.1842105263157894,33.76315789473684,21.05263157894737
13,Crystal Palace,9.078947368421053,3.3421052631578947,17.48648648648649,0.47368421052631576,0.07894736842105263,0.10526315789473684,1.0789473684210527,1.736842105263158,0.8973684210526316,1.5342105263157897,40.578947368421055,6.947368421052632,22.05263157894737,6.105263157894737,1.4210526315789473,0.0,116.05263157894737,17.18421052631579,16.263157894736842,0.21052631578947367,2020,44,1.1578947368421053,29.789473684210527,13.842105263157896
14,Southampton,11.0,4.131578947368421,18.581578947368417,0.5263157894736842,0.13157894736842105,0.15789473684210525,1.236842105263158,1.7894736842105263,1.0842105263157895,1.3973684210526314,51.973684210526315,7.7368421052631575,23.526315789473685,6.868421052631579,0.9473684210526315,0.0,125.15789473684211,18.36842105263158,19.157894736842106,0.42105263157894735,2020,43,1.131578947368421,31.44736842105263,16.473684210526315
15,Brighton and Hove Albion,12.578947368421053,3.526315789473684,17.53157894736842,0.39473684210526316,0.15789473684210525,0.23684210526315788,1.0526315789473684,1.2105263157894737,1.3421052631578945,0.9315789473684211,51.078947368421055,9.421052631578947,29.789473684210527,9.421052631578947,2.1052631578947367,0.0,153.3684210526316,23.289473684210527,22.289473684210527,0.4473684210526316,2020,41,1.0789473684210527,39.89473684210526,18.026315789473685
16,Burnley,10.026315789473685,3.263157894736842,17.19210526315789,0.39473684210526316,0.07894736842105263,0.07894736842105263,0.868421052631579,1.4473684210526316,1.039473684210526,1.4342105263157894,42.078947368421055,7.026315789473684,24.289473684210527,7.684210526315789,2.1052631578947367,0.0,123.23684210526316,18.394736842105264,17.526315789473685,0.2631578947368421,2020,39,1.0263157894736843,26.63157894736842,10.236842105263158
17,Fulham,11.473684210526315,3.289473684210526,18.423684210526314,0.3157894736842105,0.07894736842105263,0.15789473684210525,0.7105263157894737,1.394736842105263,1.071052631578947,1.3868421052631579,49.6578947368421,8.789473684210526,26.81578947368421,7.631578947368421,2.473684210526316,0.0,146.5,19.157894736842106,20.657894736842106,0.4473684210526316,2020,28,0.7368421052631579,35.63157894736842,19.13157894736842
18,West Bromwich Albion,8.81578947368421,2.789473684210526,18.49736842105263,0.42105263157894735,0.10526315789473684,0.10526315789473684,0.9210526315789473,2.0,0.9473684210526315,1.7894736842105263,37.94736842105263,6.342105263157895,21.63157894736842,5.157894736842105,1.5789473684210527,0.0,111.5,15.210526315789474,14.947368421052632,0.34210526315789475,2020,26,0.6842105263157895,27.026315789473685,11.605263157894736
19,Sheffield United,8.394736842105264,2.4210526315789473,17.636842105263156,0.13157894736842105,0.07894736842105263,0.10526315789473684,0.5263157894736842,1.6578947368421053,0.868421052631579,1.6421052631578947,41.6578947368421,6.657894736842105,24.894736842105264,6.657894736842105,1.7105263157894737,0.0,145.71052631578948,16.18421052631579,14.921052631578947,0.34210526315789475,2020,23,0.6052631578947368,31.473684210526315,12.921052631578947
0,Manchester City,18.526315789473685,6.2368421052631575,16.452631578947376,0.4473684210526316,0.18421052631578946,0.23684210526315788,2.6052631578947367,0.6842105263157895,2.331578947368421,0.6526315789473685,67.94736842105263,14.105263157894736,55.526315789473685,14.078947368421053,1.9473684210526316,0.0,256.0263157894737,39.44736842105263,33.8421052631579,2.6842105263157894,2021,93,2.4473684210526314,63.71052631578947,30.13157894736842
1,Liverpool,18.973684210526315,6.2368421052631575,16.810526315789474,0.34210526315789475,0.18421052631578946,0.21052631578947367,2.473684210526316,0.6842105263157895,2.3368421052631576,0.8868421052631578,62.6578947368421,13.868421052631579,49.421052631578945,13.447368421052632,2.4210526315789473,0.0,221.55263157894737,36.23684210526316,32.86842105263158,2.9473684210526314,2021,92,2.4210526315789473,59.026315789473685,23.289473684210527
2,Chelsea,15.342105263157896,5.2631578947368425,17.660526315789475,0.6842105263157895,0.21052631578947367,0.23684210526315788,2.0,0.868421052631579,1.6631578947368422,0.8657894736842104,61.76315789473684,11.552631578947368,42.473684210526315,11.5,1.736842105263158,0.0,207.39473684210526,28.05263157894737,28.0,2.026315789473684,2021,74,1.9473684210526316,51.76315789473684,23.526315789473685
3,Tottenham Hotspur,12.789473684210526,4.868421052631579,16.807894736842105,0.42105263157894735,0.13157894736842105,0.13157894736842105,1.8157894736842106,1.0526315789473684,1.610526315789474,1.039473684210526,51.8421052631579,9.973684210526315,30.842105263157894,8.894736842105264,2.1315789473684212,0.0,148.07894736842104,22.736842105263158,23.210526315789473,2.3157894736842106,2021,71,1.868421052631579,38.39473684210526,20.81578947368421
4,Arsenal,15.289473684210526,4.894736842105263,17.902631578947364,0.5526315789473685,0.13157894736842105,0.21052631578947367,1.605263157894737,1.263157894736842,1.5894736842105261,1.2,52.76315789473684,11.5,35.63157894736842,8.657894736842104,1.9473684210526316,0.0,170.81578947368422,25.842105263157894,27.105263157894736,2.026315789473684,2021,69,1.8157894736842106,43.55263157894737,19.31578947368421
5,Manchester United,13.236842105263158,4.7105263157894735,17.69473684210526,0.5,0.07894736842105263,0.13157894736842105,1.5,1.5,1.4631578947368422,1.394736842105263,52.68421052631579,10.710526315789474,34.60526315789474,8.210526315789474,1.7105263157894737,0.0,166.60526315789474,23.236842105263158,24.13157894736842,2.1052631578947367,2021,58,1.5263157894736843,41.26315789473684,20.63157894736842
6,West Ham United,11.657894736842104,3.736842105263158,16.689473684210526,0.34210526315789475,0.10526315789473684,0.15789473684210525,1.5789473684210527,1.3421052631578947,1.3526315789473689,1.407894736842105,47.921052631578945,8.421052631578947,29.105263157894736,7.131578947368421,2.289473684210526,0.0,145.8684210526316,21.31578947368421,20.263157894736842,0.7631578947368421,2021,56,1.4736842105263157,38.13157894736842,17.0
7,Leicester City,11.394736842105264,4.315789473684211,18.021052631578943,0.3684210526315789,0.05263157894736842,0.05263157894736842,1.631578947368421,1.5526315789473684,1.2684210526315791,1.5605263157894738,52.0,8.210526315789474,26.973684210526315,6.684210526315789,1.5,0.0,130.57894736842104,19.63157894736842,19.605263157894736,1.7105263157894737,2021,52,1.368421052631579,35.68421052631579,16.36842105263158
8,Brighton and Hove Albion,12.68421052631579,3.710526315789474,17.67631578947368,0.39473684210526316,0.10526315789473684,0.18421052631578946,1.105263157894737,1.1578947368421053,1.2157894736842108,1.1289473684210527,54.39473684210526,9.368421052631579,31.236842105263158,9.0,1.894736842105263,0.0,171.18421052631578,23.05263157894737,22.894736842105264,1.5263157894736843,2021,51,1.3421052631578947,40.71052631578947,17.789473684210527
9,Wolverhampton Wanderers,10.552631578947368,3.5,18.297368421052635,0.34210526315789475,0.02631578947368421,0.02631578947368421,1.0,1.131578947368421,0.9868421052631579,1.492105263157895,49.526315789473685,7.7368421052631575,28.842105263157894,5.578947368421052,1.5,0.0,128.60526315789474,18.5,18.210526315789473,1.5263157894736843,2021,51,1.3421052631578947,33.76315789473684,19.026315789473685
10,Newcastle United,11.736842105263158,3.736842105263158,18.689473684210526,0.39473684210526316,0.07894736842105263,0.07894736842105263,1.1578947368421053,1.631578947368421,1.0052631578947366,1.5078947368421052,40.421052631578945,8.105263157894736,20.81578947368421,5.078947368421052,1.4473684210526316,0.0,113.52631578947368,19.13157894736842,19.94736842105263,0.8157894736842105,2021,49,1.2894736842105263,24.289473684210527,14.31578947368421
11,Crystal Palace,10.631578947368421,3.6842105263157894,16.355263157894736,0.34210526315789475,0.15789473684210525,0.21052631578947367,1.3157894736842106,1.2105263157894737,1.2157894736842105,1.0789473684210527,51.078947368421055,8.026315789473685,26.05263157894737,7.105263157894737,1.9736842105263157,0.0,130.07894736842104,19.710526315789473,18.710526315789473,1.0526315789473684,2021,48,1.263157894736842,32.3421052631579,15.578947368421053
12,Brentford,11.473684210526315,3.710526315789474,16.73421052631579,0.2894736842105263,0.15789473684210525,0.15789473684210525,1.263157894736842,1.4736842105263157,1.2052631578947368,1.2736842105263158,44.76315789473684,8.18421052631579,24.789473684210527,6.894736842105263,2.1315789473684212,0.0,120.15789473684211,21.55263157894737,19.44736842105263,1.3157894736842106,2021,46,1.2105263157894737,31.289473684210527,11.842105263157896
13,Aston Villa,12.131578947368421,4.184210526315789,17.573684210526316,0.5263157894736842,0.07894736842105263,0.07894736842105263,1.368421052631579,1.4210526315789473,1.1552631578947368,1.294736842105263,46.473684210526315,9.368421052631579,26.81578947368421,7.7105263157894735,1.8421052631578947,0.0,132.8684210526316,21.710526315789473,22.026315789473685,1.868421052631579,2021,45,1.1842105263157894,34.21052631578947,17.18421052631579
14,Southampton,12.578947368421053,4.2368421052631575,17.84736842105263,0.631578947368421,0.10526315789473684,0.10526315789473684,1.131578947368421,1.763157894736842,1.1763157894736842,1.5736842105263158,47.68421052631579,9.289473684210526,26.736842105263158,6.552631578947368,1.5263157894736843,0.0,150.3421052631579,21.842105263157894,21.42105263157895,1.131578947368421,2021,40,1.0526315789473684,34.89473684210526,19.157894736842106
15,Everton,11.31578947368421,3.4210526315789473,17.91842105263158,0.47368421052631576,0.15789473684210525,0.18421052631578946,1.131578947368421,1.736842105263158,1.0894736842105264,1.4526315789473685,40.0,8.5,23.63157894736842,6.7105263157894735,2.026315789473684,0.0,131.92105263157896,19.157894736842106,19.526315789473685,0.7894736842105263,2021,39,1.0263157894736843,28.94736842105263,13.473684210526315
16,Leeds United,12.631578947368421,3.736842105263158,18.55263157894737,0.34210526315789475,0.13157894736842105,0.13157894736842105,1.105263157894737,2.0789473684210527,1.1552631578947365,1.7815789473684212,52.3421052631579,9.131578947368421,26.18421052631579,7.157894736842105,1.394736842105263,0.0,129.44736842105263,20.763157894736842,21.710526315789473,1.736842105263158,2021,38,1.0,39.026315789473685,17.657894736842106
17,Burnley,10.657894736842104,3.1315789473684212,17.45,0.3684210526315789,0.02631578947368421,0.05263157894736842,0.8947368421052632,1.394736842105263,1.0473684210526317,1.5026315789473685,40.1578947368421,7.526315789473684,23.07894736842105,6.315789473684211,2.210526315789474,0.0,123.3157894736842,17.44736842105263,17.736842105263158,0.8421052631578947,2021,35,0.9210526315789473,25.57894736842105,10.210526315789474
18,Watford,10.447368421052632,3.236842105263158,18.30263157894737,0.631578947368421,0.02631578947368421,0.05263157894736842,0.8947368421052632,2.026315789473684,1.05,1.6894736842105267,40.71052631578947,7.842105263157895,21.94736842105263,5.605263157894737,1.8421052631578947,0.0,113.89473684210526,16.44736842105263,18.236842105263158,0.9210526315789473,2021,23,0.6052631578947368,28.157894736842106,14.657894736842104
19,Norwich City,9.736842105263158,2.736842105263158,18.828947368421055,0.47368421052631576,0.07894736842105263,0.07894736842105263,0.6052631578947368,2.210526315789474,0.8526315789473685,1.9868421052631582,42.86842105263158,6.947368421052632,19.44736842105263,5.947368421052632,1.2105263157894737,0.0,109.65789473684211,15.81578947368421,16.763157894736842,1.3157894736842106,2021,22,0.5789473684210527,27.13157894736842,14.894736842105264
0,Manchester City,15.526315789473685,5.394736842105263,16.555263157894732,0.5263157894736842,0.23684210526315788,0.2631578947368421,2.473684210526316,0.868421052631579,2.068421052631579,0.8473684210526314,64.73684210526316,12.210526315789474,46.578947368421055,11.710526315789474,1.9736842105263157,0.0,218.44736842105263,33.60526315789474,28.92105263157895,2.473684210526316,2022,89,2.3421052631578947,54.55263157894737,26.0
1,Arsenal,15.5,5.105263157894737,15.984210526315788,0.42105263157894735,0.07894736842105263,0.10526315789473684,2.3157894736842106,1.131578947368421,1.8789473684210525,1.1105263157894736,59.31578947368421,11.657894736842104,43.078947368421055,12.078947368421053,1.631578947368421,0.0,210.92105263157896,34.10526315789474,27.5,2.263157894736842,2022,84,2.210526315789474,53.921052631578945,21.68421052631579
2,Manchester United,15.526315789473685,5.421052631578948,17.663157894736845,0.5263157894736842,0.07894736842105263,0.07894736842105263,1.5263157894736843,1.131578947368421,1.7763157894736843,1.3236842105263154,53.71052631578947,12.578947368421053,33.36842105263158,10.473684210526315,1.5,0.0,172.8684210526316,27.263157894736842,27.657894736842106,2.763157894736842,2022,75,1.9736842105263157,41.973684210526315,18.710526315789473
3,Newcastle United,14.868421052631579,4.842105263157895,15.676315789473682,0.39473684210526316,0.15789473684210525,0.15789473684210525,1.7894736842105263,0.868421052631579,1.8947368421052628,1.0473684210526315,52.26315789473684,11.447368421052632,28.5,10.605263157894736,1.6842105263157894,0.0,171.47368421052633,30.55263157894737,26.526315789473685,2.3157894736842106,2022,71,1.868421052631579,42.578947368421055,18.289473684210527
4,Liverpool,15.81578947368421,5.342105263157895,16.276315789473685,0.18421052631578946,0.05263157894736842,0.10526315789473684,1.9736842105263157,1.236842105263158,1.8789473684210527,1.3368421052631578,60.81578947368421,12.052631578947368,42.5,11.894736842105264,2.236842105263158,0.0,188.1315789473684,32.94736842105263,27.526315789473685,2.710526315789474,2022,67,1.763157894736842,52.421052631578945,18.92105263157895
5,Brighton and Hove Albion,15.973684210526315,5.7631578947368425,16.689473684210526,0.3157894736842105,0.15789473684210525,0.15789473684210525,1.894736842105263,1.394736842105263,1.928947368421053,1.313157894736842,60.23684210526316,12.631578947368421,38.39473684210526,10.289473684210526,2.0526315789473686,0.0,180.8684210526316,29.0,28.289473684210527,2.1315789473684212,2022,62,1.631578947368421,48.6578947368421,21.289473684210527
6,Aston Villa,11.236842105263158,3.8157894736842106,18.257894736842108,0.47368421052631576,0.07894736842105263,0.10526315789473684,1.3421052631578947,1.2105263157894737,1.3210526315789473,1.3815789473684212,49.26315789473684,8.368421052631579,25.36842105263158,7.052631578947368,2.1052631578947367,0.0,123.8157894736842,19.63157894736842,19.763157894736842,1.4210526315789473,2022,61,1.605263157894737,32.68421052631579,16.763157894736842
7,Tottenham Hotspur,13.473684210526315,4.894736842105263,16.650000000000002,0.3684210526315789,0.13157894736842105,0.15789473684210525,1.8421052631578947,1.6578947368421053,1.5052631578947369,1.3000000000000003,50.026315789473685,10.157894736842104,28.18421052631579,8.5,2.736842105263158,0.0,135.1315789473684,22.157894736842106,23.94736842105263,1.9473684210526316,2022,60,1.5789473684210527,38.13157894736842,18.210526315789473
8,Brentford,10.526315789473685,3.8684210526315788,15.944736842105263,0.3684210526315789,0.18421052631578946,0.21052631578947367,1.5263157894736843,1.2105263157894737,1.486842105263158,1.2921052631578949,43.8421052631579,7.473684210526316,24.263157894736842,7.342105263157895,2.289473684210526,0.0,127.23684210526316,21.763157894736842,18.473684210526315,1.394736842105263,2022,59,1.5526315789473684,29.763157894736842,10.31578947368421
9,Fulham,11.052631578947368,3.6052631578947367,17.652631578947368,0.4473684210526316,0.13157894736842105,0.23684210526315788,1.4473684210526316,1.394736842105263,1.2184210526315788,1.6736842105263154,48.76315789473684,8.052631578947368,27.473684210526315,7.473684210526316,2.5526315789473686,0.0,142.52631578947367,19.94736842105263,19.763157894736842,0.5263157894736842,2022,52,1.368421052631579,34.89473684210526,17.44736842105263
10,Crystal Palace,11.131578947368421,3.5,17.426315789473684,0.6052631578947368,0.02631578947368421,0.07894736842105263,1.0526315789473684,1.2894736842105263,1.0342105263157895,1.2684210526315791,46.3421052631579,8.31578947368421,26.657894736842106,6.2894736842105265,1.3421052631578947,0.0,131.3421052631579,20.157894736842106,19.63157894736842,1.0789473684210527,2022,45,1.1842105263157894,32.71052631578947,14.631578947368421
11,Chelsea,12.657894736842104,3.973684210526316,16.80263157894737,0.2631578947368421,0.07894736842105263,0.07894736842105263,1.0,1.236842105263158,1.305263157894737,1.3789473684210531,58.6578947368421,9.894736842105264,37.526315789473685,9.736842105263158,1.7894736842105263,0.0,180.26315789473685,25.210526315789473,22.605263157894736,1.5263157894736843,2022,44,1.1578947368421053,45.71052631578947,21.81578947368421
12,Wolverhampton Wanderers,10.763157894736842,3.1315789473684212,17.72105263157895,0.47368421052631576,0.07894736842105263,0.07894736842105263,0.8157894736842105,1.5263157894736843,0.976315789473684,1.5894736842105264,49.94736842105263,7.7368421052631575,29.210526315789473,6.631578947368421,1.868421052631579,0.0,130.52631578947367,18.05263157894737,18.763157894736842,1.2894736842105263,2022,41,1.0789473684210527,35.3421052631579,16.05263157894737
13,West Ham United,12.263157894736842,3.5,17.271052631578954,0.34210526315789475,0.15789473684210525,0.21052631578947367,1.105263157894737,1.4473684210526316,1.2947368421052632,1.394736842105263,42.10526315789474,8.947368421052632,26.05263157894737,5.578947368421052,2.1052631578947367,0.0,131.39473684210526,19.894736842105264,21.5,1.0789473684210527,2022,40,1.0526315789473684,33.526315789473685,16.18421052631579
14,Bournemouth,9.421052631578947,3.3157894736842106,15.536842105263156,0.3684210526315789,0.0,0.0,0.9736842105263158,1.868421052631579,1.0052631578947366,1.6736842105263157,40.421052631578945,6.868421052631579,22.36842105263158,6.2368421052631575,1.9736842105263157,0.0,112.0,18.394736842105264,16.210526315789473,1.263157894736842,2022,39,1.0263157894736843,26.473684210526315,13.263157894736842
15,Nottingham Forest,9.526315789473685,2.9210526315789473,17.047368421052635,0.23684210526315788,0.07894736842105263,0.15789473684210525,1.0,1.7894736842105263,1.039473684210526,1.6894736842105265,37.60526315789474,6.473684210526316,17.36842105263158,4.526315789473684,1.3157894736842106,0.0,98.8157894736842,16.07894736842105,15.605263157894736,0.8157894736842105,2022,38,1.0,22.605263157894736,11.473684210526315
16,Everton,11.210526315789474,3.763157894736842,16.52631578947368,0.3157894736842105,0.07894736842105263,0.07894736842105263,0.8947368421052632,1.5,1.1921052631578946,1.7236842105263155,42.76315789473684,8.105263157894736,25.36842105263158,5.894736842105263,1.763157894736842,0.0,127.10526315789474,19.526315789473685,19.342105263157894,1.0263157894736843,2022,36,0.9473684210526315,27.68421052631579,13.157894736842104
17,Leicester City,10.842105263157896,3.736842105263158,17.355263157894736,0.3684210526315789,0.07894736842105263,0.15789473684210525,1.3421052631578947,1.7894736842105263,1.3263157894736841,1.6657894736842107,47.71052631578947,8.394736842105264,30.05263157894737,5.7894736842105265,1.368421052631579,0.0,122.13157894736842,18.105263157894736,19.57894736842105,2.0,2022,34,0.8947368421052632,34.31578947368421,15.263157894736842
18,Leeds United,12.078947368421053,3.710526315789474,16.66578947368421,0.5,0.02631578947368421,0.07894736842105263,1.263157894736842,2.0526315789473686,1.2473684210526317,1.763157894736842,46.973684210526315,8.868421052631579,28.57894736842105,7.105263157894737,1.8421052631578947,0.0,147.02631578947367,20.94736842105263,20.605263157894736,1.0789473684210527,2022,31,0.8157894736842105,37.60526315789474,14.605263157894736
19,Southampton,10.868421052631579,3.473684210526316,18.226315789473684,0.4473684210526316,0.05263157894736842,0.10526315789473684,0.9473684210526315,1.9210526315789473,0.9973684210526316,1.6026315789473682,44.526315789473685,7.947368421052632,24.68421052631579,6.2894736842105265,1.868421052631579,0.0,128.39473684210526,18.736842105263158,18.894736842105264,1.0,2022,25,0.6578947368421053,29.605263157894736,15.473684210526315
0,Manchester City,17.973684210526315,6.947368421052632,16.650000000000002,0.6578947368421053,0.23684210526315788,0.2631578947368421,2.526315789473684,0.8947368421052632,2.121052631578948,0.9315789473684211,65.21052631578948,14.342105263157896,49.73684210526316,12.736842105263158,1.7105263157894737,0.0,270.0,38.578947368421055,33.13157894736842,2.236842105263158,2023,91,2.3947368421052633,54.21052631578947,29.657894736842106
1,Arsenal,17.026315789473685,5.5,15.852631578947365,0.15789473684210525,0.2631578947368421,0.2631578947368421,2.3947368421052633,0.7631578947368421,2.0078947368421054,0.7315789473684212,58.18421052631579,13.5,40.68421052631579,14.421052631578947,1.7894736842105263,0.0,225.26315789473685,38.94736842105263,31.18421052631579,2.736842105263158,2023,89,2.3421052631578947,55.421052631578945,21.605263157894736
2,Liverpool,20.55263157894737,6.921052631578948,17.326315789473682,0.47368421052631576,0.15789473684210525,0.23684210526315788,2.263157894736842,1.0789473684210527,2.3105263157894735,1.205263157894737,61.26315789473684,15.736842105263158,43.8421052631579,13.31578947368421,2.1052631578947367,0.0,207.07894736842104,37.421052631578945,36.526315789473685,2.6842105263157894,2023,82,2.1578947368421053,55.526315789473685,24.31578947368421
3,Aston Villa,13.447368421052632,4.7894736842105265,16.05,0.39473684210526316,0.10526315789473684,0.10526315789473684,2.0,1.605263157894737,1.6710526315789473,1.5789473684210527,53.10526315789474,10.473684210526315,30.526315789473685,9.552631578947368,1.763157894736842,0.0,143.6578947368421,26.57894736842105,24.0,2.1052631578947367,2023,68,1.7894736842105263,38.18421052631579,20.394736842105264
4,Tottenham Hotspur,15.31578947368421,5.447368421052632,16.657894736842103,0.2894736842105263,0.05263157894736842,0.05263157894736842,1.9473684210526316,1.605263157894737,1.7894736842105263,1.6710526315789473,61.578947368421055,12.105263157894736,41.78947368421053,11.947368421052632,1.7105263157894737,0.0,210.81578947368422,34.63157894736842,27.710526315789473,2.3947368421052633,2023,66,1.736842105263158,55.44736842105263,25.18421052631579
5,Chelsea,14.131578947368421,5.105263157894737,17.194736842105264,0.5789473684210527,0.2894736842105263,0.3157894736842105,2.026315789473684,1.6578947368421053,1.9605263157894732,1.5342105263157897,58.60526315789474,11.026315789473685,35.55263157894737,9.263157894736842,1.3421052631578947,0.0,172.57894736842104,27.342105263157894,25.789473684210527,3.0526315789473686,2023,63,1.6578947368421053,42.5,22.973684210526315
6,Newcastle United,14.263157894736842,5.157894736842105,15.768421052631581,0.23684210526315788,0.21052631578947367,0.23684210526315788,2.236842105263158,1.631578947368421,2.0026315789473688,1.6184210526315788,52.21052631578947,11.157894736842104,29.13157894736842,10.0,2.0,0.0,158.0,28.789473684210527,25.86842105263158,2.236842105263158,2023,60,1.5789473684210527,40.973684210526315,19.394736842105264
7,Manchester United,14.289473684210526,4.7894736842105265,17.439473684210526,0.39473684210526316,0.15789473684210525,0.18421052631578946,1.5,1.5263157894736843,1.489473684210526,1.8131578947368423,50.578947368421055,11.421052631578947,31.63157894736842,8.894736842105264,1.3157894736842106,0.0,161.71052631578948,26.973684210526315,26.026315789473685,1.9210526315789473,2023,60,1.5789473684210527,38.921052631578945,19.973684210526315
8,West Ham United,11.710526315789474,3.8421052631578947,16.03421052631579,0.4473684210526316,0.10526315789473684,0.13157894736842105,1.5789473684210527,1.9473684210526316,1.381578947368421,1.8763157894736842,41.10526315789474,8.026315789473685,25.763157894736842,5.921052631578948,1.868421052631579,0.0,123.47368421052632,19.736842105263158,20.57894736842105,1.5789473684210527,2023,52,1.368421052631579,31.763157894736842,14.631578947368421
9,Crystal Palace,11.894736842105264,4.2631578947368425,17.094736842105267,0.5263157894736842,0.10526315789473684,0.10526315789473684,1.5,1.5263157894736843,1.281578947368421,1.3736842105263156,42.28947368421053,9.289473684210526,26.18421052631579,7.184210526315789,1.5789473684210527,0.0,133.60526315789474,20.973684210526315,20.894736842105264,1.368421052631579,2023,49,1.2894736842105263,30.94736842105263,13.31578947368421
10,Brighton and Hove Albion,14.605263157894736,5.2105263157894735,16.568421052631578,0.2894736842105263,0.13157894736842105,0.15789473684210525,1.4473684210526316,1.631578947368421,1.4894736842105263,1.4657894736842103,59.8421052631579,11.289473684210526,39.05263157894737,10.105263157894736,2.1315789473684212,0.0,178.05263157894737,28.44736842105263,26.57894736842105,1.631578947368421,2023,48,1.263157894736842,46.8421052631579,22.736842105263158
11,Bournemouth,14.18421052631579,4.605263157894737,16.663157894736845,0.47368421052631576,0.05263157894736842,0.07894736842105263,1.4210526315789473,1.763157894736842,1.4736842105263157,1.5289473684210526,44.39473684210526,10.894736842105264,28.263157894736842,9.263157894736842,2.3157894736842106,0.0,149.6315789473684,27.18421052631579,25.05263157894737,1.263157894736842,2023,48,1.263157894736842,34.578947368421055,18.657894736842106
12,Fulham,13.131578947368421,4.605263157894737,16.894736842105264,0.3684210526315789,0.05263157894736842,0.05263157894736842,1.4473684210526316,1.605263157894737,1.336842105263158,1.6578947368421053,50.60526315789474,9.973684210526315,29.394736842105264,9.342105263157896,2.473684210526316,0.0,146.52631578947367,22.342105263157894,23.07894736842105,1.5263157894736843,2023,47,1.236842105263158,38.60526315789474,17.63157894736842
13,Wolverhampton Wanderers,11.18421052631579,4.026315789473684,16.223684210526315,0.3157894736842105,0.10526315789473684,0.10526315789473684,1.3157894736842106,1.7105263157894737,1.236842105263158,1.7815789473684216,48.86842105263158,8.31578947368421,23.94736842105263,6.2894736842105265,1.605263157894737,0.0,126.42105263157895,19.44736842105263,19.55263157894737,1.2894736842105263,2023,46,1.2105263157894737,31.05263157894737,17.657894736842106
14,Everton,13.263157894736842,4.0,17.215789473684215,0.3684210526315789,0.05263157894736842,0.07894736842105263,1.0526315789473684,1.3421052631578947,1.407894736842105,1.4552631578947368,40.8421052631579,8.921052631578947,25.210526315789473,7.473684210526316,2.026315789473684,0.0,139.02631578947367,21.289473684210527,22.473684210526315,1.1842105263157894,2023,48,1.263157894736842,29.710526315789473,13.026315789473685
15,Brentford,12.368421052631579,4.184210526315789,15.628947368421056,0.4473684210526316,0.07894736842105263,0.07894736842105263,1.4736842105263157,1.7105263157894737,1.5315789473684214,1.4736842105263157,45.1578947368421,8.736842105263158,25.394736842105264,8.763157894736842,2.789473684210526,0.0,137.10526315789474,25.842105263157894,21.157894736842106,1.8421052631578947,2023,39,1.0263157894736843,33.76315789473684,13.289473684210526
16,Nottingham Forest,11.842105263157896,3.763157894736842,17.302631578947373,0.18421052631578946,0.02631578947368421,0.02631578947368421,1.2894736842105263,1.763157894736842,1.3157894736842106,1.4000000000000001,40.578947368421055,8.552631578947368,23.81578947368421,6.421052631578948,1.605263157894737,0.0,123.3157894736842,20.657894736842106,20.605263157894736,1.394736842105263,2023,36,0.9473684210526315,30.0,15.894736842105264
17,Luton Town,11.236842105263158,3.526315789473684,16.157894736842103,0.2894736842105263,0.13157894736842105,0.13157894736842105,1.368421052631579,2.236842105263158,1.1131578947368421,2.047368421052632,42.36842105263158,8.289473684210526,21.973684210526315,6.578947368421052,2.3684210526315788,0.0,130.6315789473684,20.526315789473685,19.710526315789473,0.5789473684210527,2023,26,0.6842105263157895,29.289473684210527,17.763157894736842
18,Burnley,11.31578947368421,3.6052631578947367,17.44473684210526,0.34210526315789475,0.07894736842105263,0.07894736842105263,1.0789473684210527,2.0526315789473686,1.0684210526315792,1.8421052631578951,47.36842105263158,8.578947368421053,25.68421052631579,5.684210526315789,1.4210526315789473,0.0,135.6578947368421,21.55263157894737,19.92105263157895,1.2894736842105263,2023,24,0.631578947368421,31.07894736842105,19.13157894736842
19,Sheffield United,9.473684210526315,3.0789473684210527,18.068421052631578,0.21052631578947367,0.13157894736842105,0.13157894736842105,0.9210526315789473,2.736842105263158,1.0157894736842106,2.0184210526315787,35.8421052631579,6.7631578947368425,18.44736842105263,5.2105263157894735,1.263157894736842,0.0,100.78947368421052,17.0,15.81578947368421,0.6578947368421053,2023,16,0.42105263157894735,23.263157894736842,9.026315789473685
0,Liverpool,13.909090909090908,5.7272727272727275,16.436363636363634,0.2727272727272727,0.18181818181818182,0.18181818181818182,0.5526315789473685,0.15789473684210525,1.8181818181818181,0.8545454545454546,57.27272727272727,11.636363636363637,35.72727272727273,9.636363636363637,1.6363636363636365,0.0,162.0909090909091,29.727272727272727,25.636363636363637,1.6363636363636365,2024,28,0.7368421052631579,42.18181818181818,20.181818181818183
1,Manchester City,19.181818181818183,6.545454545454546,17.11818181818182,0.5454545454545454,0.09090909090909091,0.09090909090909091,0.5789473684210527,0.34210526315789475,2.0,1.1909090909090911,63.90909090909091,15.727272727272727,45.18181818181818,15.363636363636363,2.090909090909091,0.0,329.27272727272725,46.45454545454545,35.54545454545455,2.3636363636363638,2024,23,0.6052631578947368,58.18181818181818,37.45454545454545
2,Nottingham Forest,14.7,5.3,18.48,0.5,0.1,0.1,0.3684210526315789,0.18421052631578946,1.36,0.9400000000000001,41.9,10.4,24.4,6.0,1.2,0.0,150.4,25.2,25.3,1.3,2024,19,0.5,29.8,19.1
3,Brighton and Hove Albion,14.454545454545455,4.636363636363637,16.8,0.9090909090909091,0.0,0.0,0.5,0.39473684210526316,1.481818181818182,1.6545454545454545,53.81818181818182,9.818181818181818,31.363636363636363,9.0,2.4545454545454546,0.0,159.27272727272728,26.545454545454547,24.90909090909091,2.3636363636363638,2024,19,0.5,44.81818181818182,20.636363636363637
4,Chelsea,13.6,5.1,16.33,0.4,0.1,0.1,0.5263157894736842,0.3157894736842105,1.8199999999999998,1.35,55.0,11.0,34.8,8.5,1.7,0.0,154.8,26.3,24.6,3.0,2024,18,0.47368421052631576,37.3,22.1
5,Arsenal,13.9,5.0,14.52,0.0,0.0,0.0,0.4473684210526316,0.2894736842105263,1.55,1.02,50.1,10.9,27.5,10.2,1.7,0.0,178.3,33.6,24.7,1.5,2024,18,0.47368421052631576,41.3,19.2
6,Fulham,15.454545454545455,5.2727272727272725,16.16363636363636,0.2727272727272727,0.09090909090909091,0.18181818181818182,0.42105263157894735,0.34210526315789475,1.5272727272727273,1.1636363636363638,53.54545454545455,12.727272727272727,37.72727272727273,9.909090909090908,2.6363636363636362,0.0,180.45454545454547,27.545454545454547,28.09090909090909,1.6363636363636365,2024,18,0.47368421052631576,42.81818181818182,21.454545454545453
7,Aston Villa,12.363636363636363,3.727272727272727,15.827272727272726,0.36363636363636365,0.0,0.0,0.4473684210526316,0.4473684210526316,1.4818181818181815,1.209090909090909,50.54545454545455,9.545454545454545,32.27272727272727,8.454545454545455,1.6363636363636365,0.0,142.72727272727272,22.90909090909091,22.181818181818183,2.909090909090909,2024,18,0.47368421052631576,33.45454545454545,17.727272727272727
8,Tottenham Hotspur,17.2,6.2,16.009999999999998,0.3,0.0,0.0,0.5789473684210527,0.2894736842105263,1.9700000000000002,1.15,61.0,12.5,41.0,13.7,2.4,0.0,220.0,37.5,30.1,1.9,2024,16,0.42105263157894735,54.8,26.2
9,Brentford,11.0,5.181818181818182,15.69090909090909,0.36363636363636365,0.18181818181818182,0.18181818181818182,0.5789473684210527,0.5789473684210527,1.6636363636363638,1.7727272727272727,47.09090909090909,8.545454545454545,26.818181818181817,7.181818181818182,2.3636363636363638,0.0,130.0,22.09090909090909,20.363636363636363,1.4545454545454546,2024,16,0.42105263157894735,35.0,14.272727272727273
10,Bournemouth,15.090909090909092,4.545454545454546,17.79090909090909,0.36363636363636365,0.09090909090909091,0.18181818181818182,0.39473684210526316,0.39473684210526316,1.718181818181818,1.3181818181818181,44.27272727272727,11.727272727272727,30.636363636363637,8.090909090909092,2.5454545454545454,0.0,155.9090909090909,25.818181818181817,27.545454545454547,1.3636363636363635,2024,15,0.39473684210526316,38.54545454545455,18.727272727272727
11,Newcastle United,12.0,3.6,14.940000000000001,0.4,0.1,0.2,0.2631578947368421,0.2631578947368421,1.47,1.4000000000000001,48.3,9.8,28.3,8.2,1.7,0.0,136.7,23.9,22.7,2.1,2024,15,0.39473684210526316,36.8,16.1
12,Manchester United,14.0,5.2,17.240000000000002,0.3,0.1,0.1,0.23684210526315788,0.3157894736842105,1.6600000000000001,1.61,52.3,11.3,33.6,7.8,1.8,0.0,151.2,25.6,26.0,3.1,2024,12,0.3157894736842105,40.0,16.4
13,West Ham United,13.272727272727273,4.0,17.045454545454547,0.18181818181818182,0.18181818181818182,0.18181818181818182,0.34210526315789475,0.5,1.4090909090909092,1.6636363636363634,45.45454545454545,9.090909090909092,28.09090909090909,7.2727272727272725,1.8181818181818181,0.0,130.0,22.636363636363637,22.818181818181817,1.4545454545454546,2024,12,0.3157894736842105,33.09090909090909,18.727272727272727
14,Leicester City,10.6,3.0,18.27,0.1,0.1,0.1,0.3684210526315789,0.47368421052631576,1.04,1.9299999999999997,47.6,8.5,28.9,7.0,2.0,0.0,116.4,19.8,18.8,1.8,2024,10,0.2631578947368421,31.6,16.9
15,Everton,11.909090909090908,3.909090909090909,16.472727272727273,0.45454545454545453,0.0,0.0,0.2631578947368421,0.4473684210526316,1.0818181818181818,1.4818181818181815,39.36363636363637,8.818181818181818,25.0,7.363636363636363,2.090909090909091,0.0,120.72727272727273,21.09090909090909,21.454545454545453,1.0909090909090908,2024,10,0.2631578947368421,27.454545454545453,12.818181818181818
16,Crystal Palace,14.272727272727273,4.545454545454546,18.145454545454545,0.45454545454545453,0.09090909090909091,0.09090909090909091,0.21052631578947367,0.39473684210526316,1.2636363636363637,1.4727272727272727,45.63636363636363,10.363636363636363,28.90909090909091,6.818181818181818,1.9090909090909092,0.0,132.27272727272728,21.545454545454547,23.90909090909091,1.2727272727272727,2024,7,0.18421052631578946,36.09090909090909,14.818181818181818
17,Wolverhampton Wanderers,10.454545454545455,4.181818181818182,18.41818181818182,0.18181818181818182,0.0,0.0,0.42105263157894735,0.7105263157894737,1.0272727272727273,1.781818181818182,44.54545454545455,7.636363636363637,23.181818181818183,5.909090909090909,1.7272727272727273,0.0,103.54545454545455,19.181818181818183,18.09090909090909,1.3636363636363635,2024,6,0.15789473684210525,26.363636363636363,13.545454545454545
18,Ipswich Town,10.0,3.0,17.23,0.4,0.0,0.0,0.2631578947368421,0.5526315789473685,0.85,2.2399999999999998,41.5,8.0,24.7,5.3,1.4,0.0,113.6,16.7,17.6,1.8,2024,5,0.13157894736842105,27.3,13.0
19,Southampton,10.181818181818182,2.8181818181818183,16.20909090909091,0.2727272727272727,0.0,0.09090909090909091,0.18421052631578946,0.5526315789473685,1.0636363636363635,2.0454545454545454,56.63636363636363,8.0,32.90909090909091,7.0,1.0909090909090908,0.0,143.0909090909091,21.09090909090909,18.727272727272727,1.8181818181818181,2024,4,0.10526315789473684,35.72727272727273,19.818181818181817
